,id,popularity,artist_ids
71,https://open.spotify.com/track/6vBdBCoOhKHiYDDOcorfNo  ,9,"['246dkjvS1zLTtiykXe5h60', '50co4Is1HCEo8bhOyUWKpn']"
102,https://open.spotify.com/track/6CeZoh6Oemi28WQRpa004x  ,0,"['6Xgp2XMz1fhVYe7i6yNAax', '1z7b1Pr1rSlvWRzsW3HOrS']"
117,https://open.spotify.com/track/4yJiXq86uM56uIfIZgE440  ,11,['2cFrymmkijnjDg9SS92EPM']
126,https://open.spotify.com/track/08dFHFTx6r67MTsYn5ilDR  ,4,['6y8XlgIV8BLlIg1tT1R10i']
200,https://open.spotify.com/track/7wGoVu4Dady5GV0Sv4UIsx  ,1,"['246dkjvS1zLTtiykXe5h60', '1URnnhqYAYcrqrcwql10ft']"
206,https://open.spotify.com/track/0ofbQMrRDsUaVKq2mGLEAb  ,2,"['4nDoRrQiYLoBzwC5BhVJzF', '50co4Is1HCEo8bhOyUWKpn']"
215,https://open.spotify.com/track/0mel2N9Ws9r4yLQn5QE21Y  ,0,['2wY79sveU1sp5g7SokKOiI']
239,https://open.spotify.com/track/6c7D34787LOtPm8tzhsLgH  ,0,"['6Ha4aES39QiVjR0L2lwuwq', '0hCNtLu0JehylgoiP8L4Gh']"
250,https://open.spotify.com/track/32DGGj6KlNuBr6WaqRxpxi  ,1,['6VuMaDnrHyPL1p4EHjYLi7']
251,https://open.spotify.com/track/2rb5MvYT7ZIxbKW5hfcHx8  ,1,"['1vyhD5VmyZ7KMfW5gqLgo5', '4RSyJzf7ef6Iu2rnLdabNq']"
258,https://open.spotify.com/track/1pZdegOXTZ2ftINo3oUuRZ  ,0,['5pUo3fmmHT8bhCyHE52hA6']
259,https://open.spotify.com/track/7fwXWKdDNI5IutOMc5OKYw  ,0,"['1vyhD5VmyZ7KMfW5gqLgo5', '4RSyJzf7ef6Iu2rnLdabNq', '6vWDO969PvNqNYHIOW5v0m']"
261,https://open.spotify.com/track/4v094LQ9eF10k2O2Te2ngK  ,0,['1Hsdzj7Dlq2I7tHP7501T4']
262,https://open.spotify.com/track/2UxfcZJCphbEkfbZ6nLiDx  ,0,"['23fqKkggKUBHNkbKtXEls4', '79QO0Xmn1dZhvaLicS2Yrs']"
271,https://open.spotify.com/track/6EpRaXYhGOB3fj4V2uDkMJ  ,1,"['5pUo3fmmHT8bhCyHE52hA6', '0VRj0yCOv2FXJNP47XQnx5']"
277,https://open.spotify.com/track/7nZmah2llfvLDiUjm0kiyz  ,1,"['1uNFoZAHBGtllmzznpCI3s', '1okJ4NC308qbtY9LyHn6DO']"
293,https://open.spotify.com/track/2nYwV62UABTH0NanrwVIdQ  ,0,['7iZtZyCzp3LItcw1wtPI3D']
298,https://open.spotify.com/track/79cuOz3SPQTuFrp8WgftAu  ,2,['7n2wHs1TKAczGzO7Dd2rGr']
299,https://open.spotify.com/track/0Wv5wuenRLI3BcwgT3HPIP  ,0,"['540vIaP2JwjQb9dm3aArA4', '5JZ7CnR6gTvEMKX4g70Amv']"
318,https://open.spotify.com/track/7EmGUiUaOSGDnUUQUDrOXC  ,2,"['0C8ZW7ezQVs4URX5aX7Kqx', '64KEffDW9EtZ1y2vBYgq8T']"
332,https://open.spotify.com/track/3UwT4FadEGWyMdaSwYcUBY  ,0,['1Hsdzj7Dlq2I7tHP7501T4']
346,https://open.spotify.com/track/0dA2Mk56wEzDgegdC6R17g  ,1,"['2qxJFvFYMEDqd7ui6kSAcq', '2wUjUUtkb5lvLKcGKsKqsR']"
347,https://open.spotify.com/track/3zoYkqS4y2BsGVShPL2nTE  ,0,"['0eecdvMrqBftK0M1VKhaF4', '3e7awlrlDSwF3iM0WBjGMp']"
356,https://open.spotify.com/track/2uSLx5uwRIhiA3sJJraNqX  ,0,"['04gDigrS5kc9YWfZHwBETP', '0ZED1XzwlLHW4ZaG4lOT6m']"
359,https://open.spotify.com/track/2ZE3DJuizYTad2S4CvRRhK  ,0,['5JZ7CnR6gTvEMKX4g70Amv']
367,https://open.spotify.com/track/3NdDpSvN911VPGivFlV5d0  ,1,"['5ZsFI1h6hIdQRw2ti0hz81', '06HL4z0CvFAxyc27GXpf02']"
370,https://open.spotify.com/track/6kig1UFggPUyZBCvXD3Wod  ,0,"['0iEtIxbK0KxaSlF7G42ZOp', '4DdkRBBYG6Yk9Ka8tdJ9BW', '3TVXtAsR1Inumwj472S9r4']"
380,https://open.spotify.com/track/2mfUa8bLs2s5N4VaqJZ4lZ  ,0,['5p7f24Rk5HkUZsaS3BLG5F']
383,https://open.spotify.com/track/4OEOEsOhlzDqQuewiuPJAc  ,0,"['04gDigrS5kc9YWfZHwBETP', '13ubrt8QOOCPljQ2FL1Kca']"
387,https://open.spotify.com/track/7cQMJ0wDqVS5iM0JIvP6Ay  ,0,['4UXqAaa6dQYAk18Lv7PEgX']
389,https://open.spotify.com/track/0luqG2fhUz17ncifrWqrut  ,0,"['2jku7tDXc6XoB6MO2hFuqg', '1RyvyyTE3xzB2ZywiAwp0i']"
391,https://open.spotify.com/track/0XLOf9LhyazPX9Ld8jPiUq  ,0,"['0C8ZW7ezQVs4URX5aX7Kqx', '13y7CgLHjMVRMDqxdx0Xdo']"
403,https://open.spotify.com/track/2E124GmJRnBJuXbTb4cPUB  ,1,"['7gZfnEnfiaHzxARJ2LeXrf', '0hCNtLu0JehylgoiP8L4Gh', '3CbYyyd8wH3RT6t0jwpdzC']"
443,https://open.spotify.com/track/7ATATJztoWLcqDAcVVof0C  ,4,"['7gZfnEnfiaHzxARJ2LeXrf', '2R21vXR83lH98kGeO99Y66']"
448,https://open.spotify.com/track/7K7MUBCnzgBAvMVW2RTWNs  ,18,"['6t1gpxYbY8OlLA7D2RiikQ', '5uEeqYFuIChoWKy34jp8xE']"
473,https://open.spotify.com/track/5a8RPWgKSmcGBGcffmIrUi  ,0,"['5WUlDfRSoLAfcVSX1WnrxN', '5fMUXHkw8R8eOP2RNVYEZX', '2feDdbD5araYcm6JhFHHw7', '6IZ4ctovY9dl7bgHClAvKJ']"
508,https://open.spotify.com/track/3qnoOm4fwZPBS116f5hpgF  ,2,['5K4W6rqBFWDnAN6FQUkS6x']
553,https://open.spotify.com/track/6kp0inxIexxSiDJfWqq0ZL  ,0,"['7gZfnEnfiaHzxARJ2LeXrf', '1qSJaftSab2kTTsj7fLxvM']"
580,https://open.spotify.com/track/3OtQmFLS5b3pTgIf44GQFJ  ,0,"['69GGBxA162lTqCwzJG5jLp', '1oKdM70mJD8VvDOTKeS8t1']"
586,https://open.spotify.com/track/17JYzDCW1UTndfURuTydF2  ,1,"['3WGpXCj9YhhfX11TToZcXP', '66CXWjxzNUsdJxJ2JdwvnR']"
662,https://open.spotify.com/track/6Gy7rXB6Ku5vIWC7WGWsl3  ,1,"['7gZfnEnfiaHzxARJ2LeXrf', '2jku7tDXc6XoB6MO2hFuqg']"
669,https://open.spotify.com/track/4QIyEq7TcTdAcxjI2AFlAK  ,1,"['7gZfnEnfiaHzxARJ2LeXrf', '0hCNtLu0JehylgoiP8L4Gh', '3CbYyyd8wH3RT6t0jwpdzC']"
677,https://open.spotify.com/track/5VEuraNSVxMTzDTtrmL3lQ  ,21,['6ZjFtWeHP9XN7FeKSUe80S']
690,https://open.spotify.com/track/4EZUcj7c8n9pWIwHqN0DoH  ,18,['6ZjFtWeHP9XN7FeKSUe80S']
704,https://open.spotify.com/track/4eqne0oIdt9GW2ubiliny0  ,0,['0hItVPjwJLVZrFqOyIsxPf']
727,https://open.spotify.com/track/4m5Cd9kAbIxg6t9sMrQWtk  ,0,"['7gZfnEnfiaHzxARJ2LeXrf', '5f7VJjfbwm532GiveGC0ZK']"
737,https://open.spotify.com/track/25sgk305KZfyuqVBQIahim  ,28,['4npEfmQ6YuiwW1GpUmaq3F']
752,https://open.spotify.com/track/1UQbxSOVbauPxaUh337GTx  ,29,['26dSoYclwsYLMAKD3tpOr4']
754,https://open.spotify.com/track/1oJ8EDr2pv94IvSd6ZmDgo  ,1,"['7gZfnEnfiaHzxARJ2LeXrf', '0hCNtLu0JehylgoiP8L4Gh', '5K4W6rqBFWDnAN6FQUkS6x']"
782,https://open.spotify.com/track/6o79O9qBP3OAkWOXajAQIS  ,4,"['7gZfnEnfiaHzxARJ2LeXrf', '31W5EY0aAly4Qieq6OFu6I']"
790,https://open.spotify.com/track/1tT55K6VEyO6XFDxK4lDQe  ,0,['4K9aclpXgCPNFGEqRlFPal']
1028,https://open.spotify.com/track/43V1z6QToNNWNldV4FEG6r  ,0,"['6t1gpxYbY8OlLA7D2RiikQ', '5uEeqYFuIChoWKy34jp8xE']"
1041,https://open.spotify.com/track/2RM4jf1Xa9zPgMGRDiht8O  ,0,"['0A0FS04o6zMoto8OKPsDwY', '17lzZA2AlOHwCwFALHttmp', '0c173mlxpT3dSFRgMO8XPh', '0hCNtLu0JehylgoiP8L4Gh']"
1078,https://open.spotify.com/track/4P92FrvmYQSAfOpp4cpFEi  ,0,['3b8QkneNDz4JHKKKlLgYZg']
1118,https://open.spotify.com/track/2r4JRwcbIeuAzWjH4YXlLs  ,0,['5K4W6rqBFWDnAN6FQUkS6x']
1119,https://open.spotify.com/track/447yWcDPg1ddgcHBLGpJC0  ,0,"['7wg1qvie3KqDNQbAkTdbX0', '0FL2d6iFFNAV3yBUbXjZ1U']"
1141,https://open.spotify.com/track/7MRY4VpCuZvBmFda6ZCk2G  ,0,['3mIj9lX2MWuHmhNCA7LSCW']
1150,https://open.spotify.com/track/6ZIuit0z4eQg77F1RGkp0L  ,0,['3YQKmKGau1PzlVlkL1iodx']
1164,https://open.spotify.com/track/21YnmkSDhUkmkkni22Svc4  ,1,['7n2wHs1TKAczGzO7Dd2rGr']
1185,https://open.spotify.com/track/3Du2K5dLzmduCNp6uwuaL0  ,2,['6S2OmqARrzebs0tKUEyXyp']
1199,https://open.spotify.com/track/4gB61mP4tNChn4LgfquMhi  ,0,['49tQo2QULno7gxHutgccqF']
1202,https://open.spotify.com/track/2eMwDehkIC1j68U6FA3Eiq  ,1,['4O15NlyKLIASxsJ0PrXPfz']
1206,https://open.spotify.com/track/4JAyIDXOqNM6qHuZML01uX  ,0,['0LyfQWJT6nXafLPZqxe9Of']
1231,https://open.spotify.com/track/167NczpNbRF7oWakJaY3Hh  ,1,['1Hsdzj7Dlq2I7tHP7501T4']
1249,https://open.spotify.com/track/4aWmUDTfIPGksMNLV2rQP2  ,2,"['4V8Sr092TqfHkfAA5fXXqG', '4VMYDCV2IEDYJArk749S6m']"
1265,https://open.spotify.com/track/4q8PHoRsPUB52LFylX8Ulz  ,1,['2XnBwblw31dfGnspMIwgWz']
1279,https://open.spotify.com/track/1CKd1PnqfYx0H12V9MSaIY  ,0,"['2qxJFvFYMEDqd7ui6kSAcq', '5pUo3fmmHT8bhCyHE52hA6']"
1283,https://open.spotify.com/track/0qYTZCo5Bwh1nsUFGZP3zn  ,2,['1r4hJ1h58CWwUQe3MxPuau']
1313,https://open.spotify.com/track/5wIeuNURiubue1VTcglU57  ,0,"['6LqNN22kT3074XbTVUrhzX', '4LFgxG38Y0l4Fo1gdQelay']"
1314,https://open.spotify.com/track/2cnKEkpVUSV4wnjQiTWfH6  ,0,"['3E6xrwgnVfYCrCs0ePERDz', '1i8SpTcr7yvPOmcqrbnVXY']"
1328,https://open.spotify.com/track/2MnJoNVtf0pw7HUn3I1Tih  ,0,['1URnnhqYAYcrqrcwql10ft']
1329,https://open.spotify.com/track/7aF09WaavZAmAWuUeYxlYD  ,1,"['5Pwc4xIPtQLFEnJriah9YJ', '5iNrZmtVMtYev5M9yoWpEq']"
1334,https://open.spotify.com/track/12o6dxWGk29uIAP3OWY0pM  ,0,['163tK9Wjr9P9DmM0AVK7lm']
1335,https://open.spotify.com/track/6XOYVSmNDjKUNMXooU4s4z  ,0,['5Pwc4xIPtQLFEnJriah9YJ']
1338,https://open.spotify.com/track/19HA9J80qZfIkAnp2g8N2S  ,0,['1URnnhqYAYcrqrcwql10ft']
1340,https://open.spotify.com/track/2Ce5IyMlVRVvN997ZJjJJA  ,18,"['1RyvyyTE3xzB2ZywiAwp0i', '5pKCCKE2ajJHZ9KAiaK11H']"
1348,https://open.spotify.com/track/6mORGLOz79w6VsCRLWYYuK  ,15,['6ltzsmQQbmdoHHbLZ4ZN25']
1354,https://open.spotify.com/track/74ODGXs4byLTRdnKGM4s6E  ,0,['49tQo2QULno7gxHutgccqF']
1357,https://open.spotify.com/track/3E2Zh20GDCR9B1EYjfXWyv  ,0,['6s22t5Y3prQHyaHWUN1R1C']
1358,https://open.spotify.com/track/7qs2GAglLWfxEfmO8u2u0A  ,0,['00TKPo9MxwZ0j4ooveIxWZ']
1361,https://open.spotify.com/track/6p5GuyEqQH5pv02ouEyogQ  ,0,['78YqeIji3mgAS2K1Maca6x']
1362,https://open.spotify.com/track/5hYTyyh2odQKphUbMqc5gN  ,0,['2wUjUUtkb5lvLKcGKsKqsR']
1363,https://open.spotify.com/track/51PIvodunv6NmX5250zxAh  ,0,['1HY2Jd0NmPuamShAr6KMms']
1369,https://open.spotify.com/track/22eADXu8DfOAUEDw4vU8qy  ,0,"['0qTZZWLzuD59Un5r1speHm', '1vyhD5VmyZ7KMfW5gqLgo5', '1i8SpTcr7yvPOmcqrbnVXY', '4SsVbpTthjScTS7U2hmr1X']"
1371,https://open.spotify.com/track/07pJdL0L9XDGW0HBj0rIS2  ,6,"['5SyGEPymt1G2uto47tVWvZ', '0c173mlxpT3dSFRgMO8XPh']"
1377,https://open.spotify.com/track/2aksifNn5ph8igDOkPBA02  ,1,['5pKCCKE2ajJHZ9KAiaK11H']
1384,https://open.spotify.com/track/5OOkp4U9P9oL23maHFHL1h  ,0,['7pFeBzX627ff0VnN6bxPR4']
1391,https://open.spotify.com/track/7wwifjNAb172PtDpKK3CoR  ,0,['73sIBHcqh3Z3NyqHKZ7FOL']
1393,https://open.spotify.com/track/6gHWMJzCYkbDcsqKHoycJw  ,0,['1URnnhqYAYcrqrcwql10ft']
1590,https://open.spotify.com/track/3GRSqlALWISqLeNncZMbpX  ,5,"['5JZ7CnR6gTvEMKX4g70Amv', '49tQo2QULno7gxHutgccqF']"
1612,https://open.spotify.com/track/3oh6SCCeLuXhFpEyepla6G  ,14,['3Fl1V19tmjt57oBdxXKAjJ']
1642,https://open.spotify.com/track/7COXchtUOMd6uIT6HvmRaI  ,9,"['5JZ7CnR6gTvEMKX4g70Amv', '3WGpXCj9YhhfX11TToZcXP']"
1664,https://open.spotify.com/track/3npzogdOEiVsieXmmhBepL  ,6,['6WY7D3jk8zTrHtmkqqo5GI']
1686,https://open.spotify.com/track/11cDEev79fPKi6uJCjUhu8  ,1,"['69GGBxA162lTqCwzJG5jLp', '5Rl15oVamLq7FbSb0NNBNy']"
1696,https://open.spotify.com/track/5SHhPFh68OhUmuRPymKX9d  ,0,['5qa31A9HySw3T7MKWI9bGg']
1707,https://open.spotify.com/track/7uH27oIt4a6cIFCA8ZPcyG  ,7,['1i8SpTcr7yvPOmcqrbnVXY']
1725,https://open.spotify.com/track/67fNrBUMc7iWMofdCaoJV9  ,0,['3Fl1V19tmjt57oBdxXKAjJ']
1751,https://open.spotify.com/track/1JkrD47SDpAbyvqKtolcea  ,21,"['3Fl1V19tmjt57oBdxXKAjJ', '4kYSro6naA4h99UJvo89HB', '0A0FS04o6zMoto8OKPsDwY']"
1762,https://open.spotify.com/track/1iPBD72u3nAyFEeardYuBV  ,0,['5zctI4wO9XSKS8XwcnqEHk']
1789,https://open.spotify.com/track/3Y7a0typ6ik1KscmebXd6D  ,0,"['5WUlDfRSoLAfcVSX1WnrxN', '5fMUXHkw8R8eOP2RNVYEZX', '2feDdbD5araYcm6JhFHHw7', '6IZ4ctovY9dl7bgHClAvKJ']"
1841,https://open.spotify.com/track/5UEnHoDYpsxlfzWLZIc7LD  ,1,"['7dGJo4pcD2V6oG8kP0tJRR', '6eUKZXaKkcviH0Ku9w2n3V']"
1850,https://open.spotify.com/track/3towKHKVOXCCcL1fHv6xFO  ,0,"['5p7f24Rk5HkUZsaS3BLG5F', '1okJ4NC308qbtY9LyHn6DO']"
1857,https://open.spotify.com/track/4QfNOZN7vrQCQKK1ZJ3XPb  ,0,['0ZED1XzwlLHW4ZaG4lOT6m']
1860,https://open.spotify.com/track/1USJRpWDFhxwhCajPXBeel  ,0,['69GGBxA162lTqCwzJG5jLp']
1878,https://open.spotify.com/track/5hM6sP0Gh1jD57drszNueC  ,0,"['5pUo3fmmHT8bhCyHE52hA6', '5CCwRZC6euC8Odo6y9X8jr']"
1888,https://open.spotify.com/track/2xmrfQpmS2iJExTlklLoAL  ,1,"['6MDME20pz9RveH9rEXvrOM', '0ZED1XzwlLHW4ZaG4lOT6m']"
1889,https://open.spotify.com/track/2j2fIJGh4PMdXt9ULI5Tlc  ,1,['4VMYDCV2IEDYJArk749S6m']
1899,https://open.spotify.com/track/3ITvHA9zhZZdBJsOsAUegF  ,2,['4q3ewBCX7sLwd24euuV69X']
1903,https://open.spotify.com/track/5goGDc74vVREyN8al8CkPh  ,0,['3TVXtAsR1Inumwj472S9r4']
1904,https://open.spotify.com/track/3hBBKuWJfxlIlnd9QFoC8k  ,1,"['04gDigrS5kc9YWfZHwBETP', '7tYKF4w9nC0nq9CsPZTHyP']"
1941,https://open.spotify.com/track/5537GkcZu99NDs1gH9iCOY  ,0,"['6s22t5Y3prQHyaHWUN1R1C', '4LAz9VRX8Nat9kvIzgkg2v']"
1946,https://open.spotify.com/track/6RSNKGdv3nDTHqgw4bdzyF  ,3,['1E2AEtxaFaJtH0lO7kgNKw']
1951,https://open.spotify.com/track/2Tq2R8sRftNEqdgJK5HadO  ,0,['3WGpXCj9YhhfX11TToZcXP']
1971,https://open.spotify.com/track/2BNkTvg1kHAAfGvqh56x5a  ,0,['5JZ7CnR6gTvEMKX4g70Amv']
1983,https://open.spotify.com/track/1zsG4eaZmkA1dvjDDsAGLK  ,2,"['4V8Sr092TqfHkfAA5fXXqG', '6S2OmqARrzebs0tKUEyXyp']"
2017,https://open.spotify.com/track/1HTtUBEY3tuw2btgwwI2Ja  ,0,"['13y7CgLHjMVRMDqxdx0Xdo', '6oMuImdp5ZcFhWP0ESe6mG']"
2136,https://open.spotify.com/track/6SKYMNROdeh9V601G6pPn5  ,0,"['0iEtIxbK0KxaSlF7G42ZOp', '0Y5tJX1MQlPlqiwlOH1tJY']"
2255,https://open.spotify.com/track/3Wf2YGdYT8xVdNsQSoRKk9  ,0,"['7n2wHs1TKAczGzO7Dd2rGr', '6LuN9FCkKOj5PcnpouEgny']"
2271,https://open.spotify.com/track/3pWcj8hxj3fsb9TDAcMpEl  ,0,"['69GGBxA162lTqCwzJG5jLp', '76yeOnINtQSXyoEHbkYmtY']"
2285,https://open.spotify.com/track/39N9RPD9MRb5WmoLzNzPeA  ,6,"['1SupJlEpv7RS2tPNRaHViT', '1vyhD5VmyZ7KMfW5gqLgo5']"
2387,https://open.spotify.com/track/042nVrQvpEVrsrW6yeeHB2  ,0,"['7DuTB6wdzqFJGFLSH17k8e', '6icQOAFXDZKsumw3YXyusw']"
2393,https://open.spotify.com/track/4fv0mLkB3wY4Z2GAG1mWAN  ,0,"['68abRTdO4meYReMWHvBYb0', '1vSN1fsvrzpbttOYGsliDr']"
2394,https://open.spotify.com/track/72TyiiduRmczEbDIEtKQdR  ,0,['1Xyo4u8uXC1ZmMpatF05PJ']
2395,https://open.spotify.com/track/73F87Sqh6jQWucOOvz1WFx  ,0,"['5WUlDfRSoLAfcVSX1WnrxN', '5fMUXHkw8R8eOP2RNVYEZX', '2feDdbD5araYcm6JhFHHw7', '6IZ4ctovY9dl7bgHClAvKJ']"
2398,https://open.spotify.com/track/7Fg342AJtNsIDdwCfX0paC  ,1,['5ZsFI1h6hIdQRw2ti0hz81']
2584,https://open.spotify.com/track/1VbClJ27jcsMNmOxHnXlKV  ,15,"['3ApUX1o6oSz321MMECyIYd', '3tQx1LPXbsYjE9VwN1Peaa']"
2594,https://open.spotify.com/track/2iObjOsy2vpsariW4Y7hQg  ,7,['0Yr4BBpK2dkCp2UsrJ9LZN']
2633,https://open.spotify.com/track/1sCxVKWImDZSZKvG0U9B23  ,0,['0C8ZW7ezQVs4URX5aX7Kqx']
2692,https://open.spotify.com/track/2kVHAQKVtczchKctctzbtK  ,0,"['6jJ0s89eD6GaHleKKya26X', '0hCNtLu0JehylgoiP8L4Gh']"
2715,https://open.spotify.com/track/0NZUqq4iLQddokgtiC44Kb  ,0,"['1RyvyyTE3xzB2ZywiAwp0i', '7bXgB6jMjp9ATFy66eO08Z']"
2771,https://open.spotify.com/track/6Pw3Gvw4wNMZfTYZa6IQal  ,0,"['64M6ah0SkkRsnPGtGiRAbb', '55Aa2cqylxrFIXC767Z865']"
2776,https://open.spotify.com/track/0gbBzIqrECJOEPvQJIBFs5  ,0,['163tK9Wjr9P9DmM0AVK7lm']
2781,https://open.spotify.com/track/4pdPtRcBmOSQDlJ3Fk945m  ,2,"['540vIaP2JwjQb9dm3aArA4', '1uNFoZAHBGtllmzznpCI3s']"
2799,https://open.spotify.com/track/6DNtNfH8hXkqOX1sjqmI7p  ,2,"['738wLrAtLtCtFOLvQBXOXp', '1uNFoZAHBGtllmzznpCI3s', '0bdfiayQAKewqEvaU6rXCv']"
2803,https://open.spotify.com/track/36ONiya0OANYknz0GgJmwB  ,0,"['3TVXtAsR1Inumwj472S9r4', '3fMbdgg4jU18AjLCKBhRSm']"
2835,https://open.spotify.com/track/3Yw09dj3cTXsAzlLjgBfIP  ,0,"['3TVXtAsR1Inumwj472S9r4', '3nFkdlSjzX9mRTtwJOzDYB']"
2838,https://open.spotify.com/track/4IvenHmD0spfFDOKphoUDp  ,0,"['3TVXtAsR1Inumwj472S9r4', '3pbi8H08p95NUZ7m6ybxUV', '7c0XG5cIJTrrAgEC3ULPiq']"
2860,https://open.spotify.com/track/2RAeY8dPj6KmStROfEigjV  ,0,['3TVXtAsR1Inumwj472S9r4']
2865,https://open.spotify.com/track/2QoOyCFpDo4NblMLP7vBRT  ,0,['3TVXtAsR1Inumwj472S9r4']
2872,https://open.spotify.com/track/16x6tqeSkIjoLEf7SJLlYy  ,0,['3TVXtAsR1Inumwj472S9r4']
2875,https://open.spotify.com/track/7ijJ5crvsnCvCLJbHpyq3j  ,0,['3TVXtAsR1Inumwj472S9r4']
2881,https://open.spotify.com/track/40IiSjljbAhrSbdJ3HxSfH  ,0,['3TVXtAsR1Inumwj472S9r4']
2957,https://open.spotify.com/track/5QskYLFPX9y7pLU0VEMNbr  ,0,"['7n2wHs1TKAczGzO7Dd2rGr', '0ZED1XzwlLHW4ZaG4lOT6m']"
2958,https://open.spotify.com/track/1oc3jna2ablnfIKLYbKujl  ,0,['5vBSrE1xujD2FXYRarbAXc']
2981,https://open.spotify.com/track/6Bg7MznA9X0dIhlAsLyBYj  ,0,"['5K4W6rqBFWDnAN6FQUkS6x', '2HPaUgqeutzr3jx5a9WyDV']"
3002,https://open.spotify.com/track/6u7jPi22kF8CTQ3rb9DHE7  ,8,"['7jVv8c5Fj3E9VhNjxT4snq', '60rpJ9SgigSd16DOAG7GSa']"
3040,https://open.spotify.com/track/5sCwso3aURYAdieWEFI1nE  ,0,"['4xRYI6VqpkE3UwrDrAZL8L', '13y7CgLHjMVRMDqxdx0Xdo']"
3050,https://open.spotify.com/track/2SDFznsHkeFXiPFwN0npVM  ,0,"['4xRYI6VqpkE3UwrDrAZL8L', '02kJSzxNuaWGqwubyUba0Z']"
3059,https://open.spotify.com/track/3SZqA7rQvROJsCbUu2v0xa  ,5,"['0A0FS04o6zMoto8OKPsDwY', '5LHRHt1k9lMyONurDHEdrp', '5bWUlnPx9OYKsLiUJrhCA1']"
3063,https://open.spotify.com/track/1JIgaRnqtzS7DuGM3hVZU9  ,0,['4xRYI6VqpkE3UwrDrAZL8L']
3072,https://open.spotify.com/track/4XZxalvnG4Yo8YZLuiT1kV  ,0,"['1vCWHaC5f2uS3yhpwWbIA6', '6SsTlCsuCYleNza6xGwynu', '2fVW2ix4ANKiofDZIsy1XR']"
3080,https://open.spotify.com/track/43IfdE75ficQgsI8QGBvwb  ,0,"['4xRYI6VqpkE3UwrDrAZL8L', '0huGjMyP507tBCARyzSkrv']"
3107,https://open.spotify.com/track/5MvLsT03RBp67RLoeISCdl  ,0,"['69GGBxA162lTqCwzJG5jLp', '7c0XG5cIJTrrAgEC3ULPiq', '5vBrKGOjN10BMwB0cJADj4']"
3111,https://open.spotify.com/track/0ZN72tCEgbwPXEtj6TPMxK  ,0,"['4xRYI6VqpkE3UwrDrAZL8L', '137W8MRPWKqSmrBGDBFSop']"
3121,https://open.spotify.com/track/0XIsaklmegqPEdOr38DVEt  ,0,['4xRYI6VqpkE3UwrDrAZL8L']
3124,https://open.spotify.com/track/45ZGEdLxCZvdMX9jWlsAAx  ,1,"['2jnIB6XdLvnJUeNTy5A0J2', '3JhNCzhSMTxs9WLGJJxWOY']"
3146,https://open.spotify.com/track/2CqMWqcHywYRvwzdw2Wh4P  ,0,['4xRYI6VqpkE3UwrDrAZL8L']
3154,https://open.spotify.com/track/3Z6O6zNyxqmqevwy5Dy4cs  ,0,['4xRYI6VqpkE3UwrDrAZL8L']
3165,https://open.spotify.com/track/45uPKvMUFmObuDYka9AnKa  ,0,['4xRYI6VqpkE3UwrDrAZL8L']
3166,https://open.spotify.com/track/5tmu5pAFHkUSl8Fo8ncyA4  ,2,['1z7b1Pr1rSlvWRzsW3HOrS']
3169,https://open.spotify.com/track/6uS8KevqrhUjVjFZfWxsTh  ,0,['4xRYI6VqpkE3UwrDrAZL8L']
3181,https://open.spotify.com/track/6R59nB9CEaOqrRVxu7JAoR  ,0,['4xRYI6VqpkE3UwrDrAZL8L']
3185,https://open.spotify.com/track/6v0lAdFF4haL8xjBIUjtOw  ,5,"['1SupJlEpv7RS2tPNRaHViT', '1i8SpTcr7yvPOmcqrbnVXY']"
3187,https://open.spotify.com/track/4Y0TtDriFlN3XZoQx6PYsu  ,0,['2oX42qP5ineK3hrhBECLmj']
3218,https://open.spotify.com/track/7wFybC8jBH3zE139OpCtpG  ,1,"['3hteYQFiMFbJY7wS0xDymP', '1Xyo4u8uXC1ZmMpatF05PJ']"
3290,https://open.spotify.com/track/64ydkbrt0xhdJXRaam06Mc  ,0,"['53KwLdlmrlCelAZMaLVZqU', '0Y5tJX1MQlPlqiwlOH1tJY', '0iEtIxbK0KxaSlF7G42ZOp']"
3326,https://open.spotify.com/track/7uiBocndm12aKbsdnQ3Scx  ,3,['7bXgB6jMjp9ATFy66eO08Z']
3367,https://open.spotify.com/track/4DyBx5MYoq8RsU33cEAIxT  ,0,"['37hAfseJWi0G3Scife12Il', '4kYSro6naA4h99UJvo89HB']"
3458,https://open.spotify.com/track/322tcqPhma7F6hfCeLisx0  ,6,"['5JZ7CnR6gTvEMKX4g70Amv', '1zNqDE7qDGCsyzJwohVaoX']"
3489,https://open.spotify.com/track/5dW1VZPcFqB4n0P08rGDgm  ,4,['3yzRiNMZdTsSUgplcyYZ4i']
3511,https://open.spotify.com/track/2qMnZF5Ja2WvmfbblByQza  ,0,"['47MpMsUfWtgyIIBEFOr4FE', '4VMYDCV2IEDYJArk749S6m', '4q3ewBCX7sLwd24euuV69X']"
3690,https://open.spotify.com/track/4fwo6czG5nvOQMzhOto1ya  ,5,"['5fMUXHkw8R8eOP2RNVYEZX', '7gOdHgIoIKoe4i9Tta6qdD']"
3706,https://open.spotify.com/track/0y675KDleCZEudjoeL1sQQ  ,3,['5JZ7CnR6gTvEMKX4g70Amv']
4167,https://open.spotify.com/track/2P0NiuAfypaw5UZJoo0n0o  ,2,['5INjqkS1o8h1imAzPqGZBb']
4197,https://open.spotify.com/track/6ABrDJwa6iVFuT1O1F9ZUm  ,0,['0f2YkMXwFNJNSX7MymevKE']
4216,https://open.spotify.com/track/5MFzQMkrl1FOOng9tq6R9r  ,0,"['04gDigrS5kc9YWfZHwBETP', '2YZyLoL8N0Wb9xBt1NhZWg']"
4229,https://open.spotify.com/track/4TZy1wLyHec06pwgFYDh1a  ,0,['7n2wHs1TKAczGzO7Dd2rGr']
4230,https://open.spotify.com/track/4pLwZjInHj3SimIyN9SnOz  ,1,"['66CXWjxzNUsdJxJ2JdwvnR', '0hCNtLu0JehylgoiP8L4Gh']"
4239,https://open.spotify.com/track/04DwTuZ2VBdJCCC5TROn7L  ,21,"['60d24wfXkVzDSfLS6hyCjZ', '64M6ah0SkkRsnPGtGiRAbb']"
4248,https://open.spotify.com/track/1yNyoWWWikbLhwIGWjZuDW  ,0,"['7gAppWoH7pcYmphCVTXkzs', '4YXycRbyyAE0wozTk7QMEq']"
4252,https://open.spotify.com/track/11KJSRSgaDxqydKYiD2Jew  ,1,"['3TVXtAsR1Inumwj472S9r4', '5pKCCKE2ajJHZ9KAiaK11H']"
4257,https://open.spotify.com/track/6F609ICg9Spjrw1epsAnpa  ,0,['3TVXtAsR1Inumwj472S9r4']
4266,https://open.spotify.com/track/1Tt4sE4pXi57mTD1GCzsqm  ,1,['5pKCCKE2ajJHZ9KAiaK11H']
4267,https://open.spotify.com/track/0BU7nIcCZxYSE0hYcc5oZz  ,3,"['46SHBwWsqBkxI7EeeBEQG7', '21WS9wngs9AqFckK7yYJPM']"
4271,https://open.spotify.com/track/7zTx8ePYAmPFQuxP3xlXZn  ,0,['0jNDKefhfSbLR9sFvcPLHo']
4279,https://open.spotify.com/track/2wDjpPW3HZdA9quPPmZAMu  ,0,"['2LZDXcxJWgsJfKXZv9a5eG', '0C8ZW7ezQVs4URX5aX7Kqx', '2jku7tDXc6XoB6MO2hFuqg']"
4282,https://open.spotify.com/track/6HUnnBwYZqcED1eQztxMBN  ,0,['4ehtJnVumNf6xzSCDk8aLB']
4287,https://open.spotify.com/track/4Hf7WnR761jpxPr5D46Bcd  ,0,['7n2wHs1TKAczGzO7Dd2rGr']
4304,https://open.spotify.com/track/40UroIGvsMPLPBYwH8rMNA  ,0,"['0q4NrXqJnc367PieejuROJ', '00Z3UDoAQwzvGu13HoAM7J', '2TL8gYTNgD6nXkyuUdDrMg']"
4305,https://open.spotify.com/track/0WCEaydwN65cvwaW8aqptF  ,0,['188VINPQh5dyNfLUkevKqf']
4306,https://open.spotify.com/track/1D3ODoXHBLpdxolZRHWV1j  ,0,"['1HBjj22wzbscIZ9sEb5dyf', '5KKpBU5eC2tJDzf0wmlRp2']"
4312,https://open.spotify.com/track/14WWzenpaEgQZlqPq2nk4v  ,0,"['5pKCCKE2ajJHZ9KAiaK11H', '3TVXtAsR1Inumwj472S9r4']"
4316,https://open.spotify.com/track/05Z7jet4VDNVgNQWcYHnrk  ,3,"['7bXgB6jMjp9ATFy66eO08Z', '23zg3TcAtWQy7J6upgbUnj', '13y7CgLHjMVRMDqxdx0Xdo']"
4321,https://open.spotify.com/track/1lntL1cI2UIWlxjL5QiN8g  ,0,['5JZ7CnR6gTvEMKX4g70Amv']
4323,https://open.spotify.com/track/3SGWp9fJCzgK0WcpcKSQdy  ,0,"['3zrUX1hQrUB9aXcOiyQLmN', '5jAMCwdNHWr7JThxtMuEyy']"
4335,https://open.spotify.com/track/7yHEDfrJNd0zWOfXwydNH0  ,1,['66CXWjxzNUsdJxJ2JdwvnR']
4337,https://open.spotify.com/track/1WRy5l3TwrwlzNmB5bOeKw  ,0,['3TVXtAsR1Inumwj472S9r4']
4339,https://open.spotify.com/track/1sTUEdVO85YU8Ymk2jeAls  ,0,['0AJUYWKztkg5dnrHDIBv47']
4341,https://open.spotify.com/track/1uoL9GX45dTnmrWQ7Ii1Ft  ,0,['26VFTg2z8YR0cCuwLzESi2']
4345,https://open.spotify.com/track/17Fd6Yb7mSbinKG8LoWfFl  ,0,"['2KsP6tYLJlTBvSUxnwlVWa', '5iNrZmtVMtYev5M9yoWpEq']"
4354,https://open.spotify.com/track/12REd1n8PeiHHWOh066tpr  ,0,"['6nxWCVXbOlEVRexSbLsTer', '6xHUXzrfhFgnIv86EBR3Ml']"
4368,https://open.spotify.com/track/3hB5DgAiMAQ4DzYbsMq1IT  ,1,['1uNFoZAHBGtllmzznpCI3s']
4372,https://open.spotify.com/track/7bTwYGhBdSQ8vuXc76Xint  ,0,['16oZKvXb6WkQlVAjwo2Wbg']
4375,https://open.spotify.com/track/2FBUoWkIuQXwayw2RNo5l6  ,0,['3TVXtAsR1Inumwj472S9r4']
4377,https://open.spotify.com/track/4sQMalN597HdggTu196aL0  ,0,"['6nxWCVXbOlEVRexSbLsTer', '4NHQUGzhtTLFvgF5SZesLK']"
4383,https://open.spotify.com/track/4QdovcM8j50QPlyR7tH4xe  ,0,"['3tQx1LPXbsYjE9VwN1Peaa', '02kJSzxNuaWGqwubyUba0Z']"
4384,https://open.spotify.com/track/728zbo72kOoYdGR3AhNsyF  ,24,['3iOvXCl6edW5Um0fXEBRXy']
4385,https://open.spotify.com/track/69bp2EbF7Q2rqc5N3ylezZ  ,10,['1uNFoZAHBGtllmzznpCI3s']
4386,https://open.spotify.com/track/6sDQ4uiWw9OdVrCXFLSlZt  ,5,['7dGJo4pcD2V6oG8kP0tJRR']
4477,https://open.spotify.com/track/6a1hzBiTkgqTsDA0Xgfh9z  ,28,['2iE18Oxc8YSumAU232n4rW']
4506,https://open.spotify.com/track/3lkYS3iMpWMVpaJ0yJAFrJ  ,19,['2iE18Oxc8YSumAU232n4rW']
4699,https://open.spotify.com/track/0AUurCHJ6A8Ua4yXyKXNuM  ,0,['5dHt1vcEm9qb8fCyLcB3HL']
4856,https://open.spotify.com/track/4Q5yMlwAfAoitqg4r9oZHN  ,0,"['2LZDXcxJWgsJfKXZv9a5eG', '66CXWjxzNUsdJxJ2JdwvnR']"
4904,https://open.spotify.com/track/61WbtB6ujkpNAsAf5LjF4b  ,0,"['6jJ0s89eD6GaHleKKya26X', '6oMuImdp5ZcFhWP0ESe6mG']"
4932,https://open.spotify.com/track/5Ua3GXyHwiSfpNTMjq6m2z  ,0,['3e7awlrlDSwF3iM0WBjGMp']
4944,https://open.spotify.com/track/0FuTx2s3YH1ppmtiM6l0zI  ,0,['4kYGAK2zu9EAomwj3hXkXy']
4945,https://open.spotify.com/track/5NNlUMcOEOdoOIwwaWXv0k  ,0,"['04gDigrS5kc9YWfZHwBETP', '1RyvyyTE3xzB2ZywiAwp0i']"
4963,https://open.spotify.com/track/3mRcWCyteY2133a7xVMrYw  ,25,"['1RyvyyTE3xzB2ZywiAwp0i', '1Xyo4u8uXC1ZmMpatF05PJ']"
4970,https://open.spotify.com/track/0dvu4Irbq0SM5BWny30rRR  ,0,['0JOxt5QOwq0czoJxvSc5hS']
4976,https://open.spotify.com/track/4ntsD33Pgsgk8rUyZLLiUV  ,5,['2P5sC9cVZDToPxyomzF1UH']
4983,https://open.spotify.com/track/4lozYCMRLtEc46exlhoK2Q  ,17,['1RyvyyTE3xzB2ZywiAwp0i']
4994,https://open.spotify.com/track/6520aj0B4FSKGVuKNsOCOi  ,0,"['6jJ0s89eD6GaHleKKya26X', '4ryoUS0W8qXokfMxrlJt6O']"
5016,https://open.spotify.com/track/6RsRMf9e4KUyo3MecGffNL  ,11,['4MCBfE4596Uoi2O4DtmEMz']
5025,https://open.spotify.com/track/0YevRlTDW9tyIwViCyke8Q  ,10,['4MCBfE4596Uoi2O4DtmEMz']
5033,https://open.spotify.com/track/2GriTXl7gRSBv1A2IGZtnL  ,6,['4MCBfE4596Uoi2O4DtmEMz']
5034,https://open.spotify.com/track/0veNpTQFqfmTX0rsJmO2rO  ,6,['4MCBfE4596Uoi2O4DtmEMz']
5184,https://open.spotify.com/track/1YaLBadQjS701ZLZRGjPMX  ,11,['2cFrymmkijnjDg9SS92EPM']
5223,https://open.spotify.com/track/05CwHjIk71RXVU40boRMnR  ,3,"['69GGBxA162lTqCwzJG5jLp', '64M6ah0SkkRsnPGtGiRAbb']"
5280,https://open.spotify.com/track/12iDo4Kdw9vA2X1lN3UTVu  ,0,"['4GvEc3ANtPPjt1ZJllr5Zl', '1URnnhqYAYcrqrcwql10ft']"
5309,https://open.spotify.com/track/1f38Gx6xQz6r4H1jGVNBJo  ,2,"['540vIaP2JwjQb9dm3aArA4', '1vyhD5VmyZ7KMfW5gqLgo5', '5LHRHt1k9lMyONurDHEdrp']"
5326,https://open.spotify.com/track/79JBjIq90BrQ8Ws0pUhlzD  ,5,['1MIVXf74SZHmTIp4V4paH4']
5331,https://open.spotify.com/track/6uAm7pG66O1XesXS9bpHSF  ,1,['56oDRnqbIiwx4mymNEv7dS']
5478,https://open.spotify.com/track/3FiE2d325mIOc4YjkSLVJR  ,0,"['66CXWjxzNUsdJxJ2JdwvnR', '1RyvyyTE3xzB2ZywiAwp0i']"
5481,https://open.spotify.com/track/0fg8CqpjdojMyXLNzM2PaJ  ,0,"['738wLrAtLtCtFOLvQBXOXp', '2HPaUgqeutzr3jx5a9WyDV', '0hCNtLu0JehylgoiP8L4Gh']"
5491,https://open.spotify.com/track/2dqLk7ezV15LEJEwUmEbXB  ,0,['1xHQO9GJIW9OXHxGBISYc5']
5529,https://open.spotify.com/track/3UjJP4ludb74a29P5EHEIo  ,0,['74KM79TiuVKeVCqs8QtB0B']
5531,https://open.spotify.com/track/00lNx0OcTJrS3MKHcB80HY  ,0,"['4Q6nIcaBED8qUel8bBx6Cr', '5KKpBU5eC2tJDzf0wmlRp2']"
5536,https://open.spotify.com/track/4Zxdw0Hno7YDu0IzvY76Qo  ,16,['1RyvyyTE3xzB2ZywiAwp0i']
5556,https://open.spotify.com/track/67dyMPOUsbZ9Yg06PnfAAh  ,8,['1RyvyyTE3xzB2ZywiAwp0i']
5641,https://open.spotify.com/track/7jqDzXJS0K0Re8uphYNit0  ,0,['69GGBxA162lTqCwzJG5jLp']
5798,https://open.spotify.com/track/2m2ZGfJcs3lHWNPzhWH3XH  ,1,"['1i8SpTcr7yvPOmcqrbnVXY', '4kYSro6naA4h99UJvo89HB']"
5842,https://open.spotify.com/track/2VYb3Fb5iK5Y8HGZ8oEEkp  ,0,['5K4W6rqBFWDnAN6FQUkS6x']
5849,https://open.spotify.com/track/3dG6tjetoR4GMmUGZUprLt  ,0,"['5K4W6rqBFWDnAN6FQUkS6x', '2HPaUgqeutzr3jx5a9WyDV']"
5862,https://open.spotify.com/track/6EuE9M1viu9gkdFSafia9o  ,0,['5K4W6rqBFWDnAN6FQUkS6x']
5865,https://open.spotify.com/track/1DdgqEZk4Hqfpl3drdXJun  ,0,['5K4W6rqBFWDnAN6FQUkS6x']
5873,https://open.spotify.com/track/5SwEgzUFDHwpWHKrbnP32Z  ,0,"['7n2wHs1TKAczGzO7Dd2rGr', '6LuN9FCkKOj5PcnpouEgny']"
5901,https://open.spotify.com/track/7boPPE857KEqCIHNwFkDop  ,1,"['5WUlDfRSoLAfcVSX1WnrxN', '5fMUXHkw8R8eOP2RNVYEZX', '2feDdbD5araYcm6JhFHHw7', '6IZ4ctovY9dl7bgHClAvKJ']"
5909,https://open.spotify.com/track/0Dq49j3dELbttQVUJbtn0c  ,0,['7n2wHs1TKAczGzO7Dd2rGr']
5995,https://open.spotify.com/track/4lUnFLtn8w3W76FiYDRzmO  ,0,['04gDigrS5kc9YWfZHwBETP']
6041,https://open.spotify.com/track/2oUuLLKS8WbF7ELJcwbqms  ,0,['15UsOTVnJzReFVN1VCnxy4']
6053,https://open.spotify.com/track/5e0RPsQUTQu0A29wqD6bZR  ,7,['1RyvyyTE3xzB2ZywiAwp0i']
6065,https://open.spotify.com/track/7iAiOtm19uRwipMm7TH6lw  ,8,['1RyvyyTE3xzB2ZywiAwp0i']
6072,https://open.spotify.com/track/3CyICSGQGqUaFeYvMJgpnt  ,8,['1RyvyyTE3xzB2ZywiAwp0i']
6082,https://open.spotify.com/track/3yaq0WhtGS0Y6r7vDkw4lc  ,7,['1RyvyyTE3xzB2ZywiAwp0i']
6084,https://open.spotify.com/track/7BzjpnOxxngXt1LZiVXhND  ,8,['1RyvyyTE3xzB2ZywiAwp0i']
6090,https://open.spotify.com/track/572NmogOEHowA9JdNqh036  ,10,['1RyvyyTE3xzB2ZywiAwp0i']
6125,https://open.spotify.com/track/133V82vMO7TB1WYehNUMwW  ,7,['1RyvyyTE3xzB2ZywiAwp0i']
6127,https://open.spotify.com/track/3s2rQnjOKEENte75MloNMq  ,7,['1RyvyyTE3xzB2ZywiAwp0i']
6139,https://open.spotify.com/track/50PWlIBU7PlGGwzgN8TiFJ  ,0,['1HY2Jd0NmPuamShAr6KMms']
6148,https://open.spotify.com/track/77zIq99gy96DGkMak3a2wF  ,8,['1RyvyyTE3xzB2ZywiAwp0i']
6153,https://open.spotify.com/track/1sl5tSzfK1JrcQIcA8rYDy  ,0,"['4lDBihdpMlOalxy1jkUbPl', '0fs8oBR1rx7JIXZi75h7Uu']"
6157,https://open.spotify.com/track/7sMBRW8Y8iL19IchYMAogN  ,11,['1RyvyyTE3xzB2ZywiAwp0i']
6174,https://open.spotify.com/track/4nDfc6F2uVcc6wdG7kBzWO  ,0,"['4Rxn7Im3LGfyRkY2FlHhWi', '0hCNtLu0JehylgoiP8L4Gh']"
6175,https://open.spotify.com/track/5abwHwUhywLGNli5NDcEN7  ,24,"['1XLjkBxFokuDTlHt0mQkRe', '6ctgu4FFlnNhMgrKiIzCxp']"
6177,https://open.spotify.com/track/4IcwdrlHrNF7IxMMMloEBh  ,6,['1RyvyyTE3xzB2ZywiAwp0i']
6182,https://open.spotify.com/track/2Yimo750CLgO2mDPPndSK6  ,5,['1RyvyyTE3xzB2ZywiAwp0i']
6188,https://open.spotify.com/track/1RLRjT3mBJ7PW83rIvE2bu  ,5,['1RyvyyTE3xzB2ZywiAwp0i']
6479,https://open.spotify.com/track/28mrq1UKIVItTbPqyub52b  ,0,['1URnnhqYAYcrqrcwql10ft']
6494,https://open.spotify.com/track/6sBB5CBuzKJhDooro1IraE  ,0,['1URnnhqYAYcrqrcwql10ft']
6496,https://open.spotify.com/track/1GFvYZ72Ca67UG9Kdjjk3C  ,0,['1URnnhqYAYcrqrcwql10ft']
6534,https://open.spotify.com/track/6DLSa36zH0cSTO7bWCCxx0  ,0,['1URnnhqYAYcrqrcwql10ft']
6543,https://open.spotify.com/track/2pmYug1wWd0WoK5tpbsbKL  ,0,['1URnnhqYAYcrqrcwql10ft']
6548,https://open.spotify.com/track/0zcmVx57BsnlYaPu7k2e2e  ,0,['1URnnhqYAYcrqrcwql10ft']
6556,https://open.spotify.com/track/06RzVT7uWMYv2fPTyiOy1m  ,0,['1URnnhqYAYcrqrcwql10ft']
6558,https://open.spotify.com/track/1U3XdjHLA6TgpVEGTikNcp  ,0,['1URnnhqYAYcrqrcwql10ft']
6585,https://open.spotify.com/track/7rErmb9ztCh29H8nWmavQz  ,0,['1URnnhqYAYcrqrcwql10ft']
6967,https://open.spotify.com/track/6j97zG4DDrh3oUa6rZbFOs  ,0,"['2jku7tDXc6XoB6MO2hFuqg', '6Xgp2XMz1fhVYe7i6yNAax']"
6990,https://open.spotify.com/track/0fAVi8b6VX6NgT4j1aRLdT  ,0,['1p6CdzJRoicjRcSdWoB9Qc']
7073,https://open.spotify.com/track/1gb6riq7CCP5clGpSD0XPH  ,11,['1RyvyyTE3xzB2ZywiAwp0i']
7078,https://open.spotify.com/track/4Q9vx0KwTiOMaRjOZkaxst  ,13,['1RyvyyTE3xzB2ZywiAwp0i']
7081,https://open.spotify.com/track/3IJPE9ICRq5PxVZxdv1sEv  ,11,['1RyvyyTE3xzB2ZywiAwp0i']
7087,https://open.spotify.com/track/6pRoE3RdW4w1Fjd8epVWjZ  ,7,['1RyvyyTE3xzB2ZywiAwp0i']
7091,https://open.spotify.com/track/5qdaaB2RYHohGB1vglLuAf  ,7,['1RyvyyTE3xzB2ZywiAwp0i']
7126,https://open.spotify.com/track/7y06b4wdIvUa5mEiEClTA3  ,6,['1RyvyyTE3xzB2ZywiAwp0i']
7146,https://open.spotify.com/track/73grS4MZ4rHwa7CJOihO73  ,18,['1RyvyyTE3xzB2ZywiAwp0i']
7150,https://open.spotify.com/track/70nMgdn0StiYRaDqTGJeCO  ,6,['1RyvyyTE3xzB2ZywiAwp0i']
7153,https://open.spotify.com/track/40FrkaBaV1XUfpUH1W6319  ,5,['1RyvyyTE3xzB2ZywiAwp0i']
7161,https://open.spotify.com/track/2zGvXOnaY9owBpYz3ZLjw5  ,11,['1RyvyyTE3xzB2ZywiAwp0i']
8323,https://open.spotify.com/track/6WbADFqMvR8N5u0BvtsWQE  ,2,"['1vCWHaC5f2uS3yhpwWbIA6', '5JYo7gm2dkyLLlWHjxS7Dy']"
8350,https://open.spotify.com/track/3V6c2SccJOuAez9YbpALf8  ,27,"['5M0lbkGluOPXLeFjApw8r8', '6Xgp2XMz1fhVYe7i6yNAax']"
8370,https://open.spotify.com/track/6rdEEYHsLavlklAypD5cre  ,1,['2UZMlIwnkgAEDBsw1Rejkn']
8383,https://open.spotify.com/track/2jYmK1cb3Uya6FFsocdpzO  ,0,['74KM79TiuVKeVCqs8QtB0B']
8385,https://open.spotify.com/track/5xS9hkTGfxqXyxX6wWWTt4  ,0,['4tX2TplrkIP4v05BNC903e']
8460,https://open.spotify.com/track/0taOCiup4HNG9LmbduVlJj  ,0,['3gGUMEwIX6XodWsYEvKSal']
8535,https://open.spotify.com/track/76DNqvSyzL9VCkhlnByqLf  ,0,['3gTZHK9u10mTyoEoT9tJaE']
8581,https://open.spotify.com/track/4lESS6vuruP6a79KWRaQou  ,1,"['1r4hJ1h58CWwUQe3MxPuau', '1B0Rp4SWGnFgGCPU5Pju6E']"
8689,https://open.spotify.com/track/3B36YnwXzR3VKm4hHYmGtr  ,0,['4Ywiqc8KxAECFoOWWAYry4']
9009,https://open.spotify.com/track/3YU6vJbjYUG0tiJyXf9x5V  ,0,"['02kJSzxNuaWGqwubyUba0Z', '26VFTg2z8YR0cCuwLzESi2']"
9053,https://open.spotify.com/track/4IdXngKo4g5exqZ0fQTecu  ,0,['0vbEs3DgphJ2RGZqh4qFLT']
9116,https://open.spotify.com/track/2nUJvBO87SkxCViQsLc9Zr  ,1,['7mnAzEmgquhrVtGob81SmO']
9123,https://open.spotify.com/track/6sn8WaooLLVhQvU96wtEAm  ,0,['2kCcBybjl3SAtIcwdWpUe3']
9135,https://open.spotify.com/track/2rE9TX3VQ0WNt7kziFhKep  ,0,"['163tK9Wjr9P9DmM0AVK7lm', '6LuN9FCkKOj5PcnpouEgny', '246dkjvS1zLTtiykXe5h60', '7tYKF4w9nC0nq9CsPZTHyP']"
9144,https://open.spotify.com/track/4gavOCQdZ2g86gkvi17FM7  ,0,['4STHEaNw4mPZ2tzheohgXB']
9149,https://open.spotify.com/track/68m6iwhKElLTBaGRG1LLwE  ,0,"['5fMUXHkw8R8eOP2RNVYEZX', '0bdfiayQAKewqEvaU6rXCv']"
9199,https://open.spotify.com/track/0Gux2yTMWYOlcBUNjGJu5p  ,0,"['0c173mlxpT3dSFRgMO8XPh', '0iEtIxbK0KxaSlF7G42ZOp', '1URnnhqYAYcrqrcwql10ft']"
9497,https://open.spotify.com/track/1jQvUmf16VE9WQCPuK2e8K  ,0,"['7gZfnEnfiaHzxARJ2LeXrf', '34Y0ldeyUv7jBvukWOGASO']"
9539,https://open.spotify.com/track/1HLL8X0LH20F6Z9SLXLIjr  ,0,"['0iEtIxbK0KxaSlF7G42ZOp', '0Y5tJX1MQlPlqiwlOH1tJY', '46SHBwWsqBkxI7EeeBEQG7', '1URnnhqYAYcrqrcwql10ft']"
9559,https://open.spotify.com/track/2hnxrRNzF74mdDzpQZQukQ  ,4,"['5JZ7CnR6gTvEMKX4g70Amv', '0ZED1XzwlLHW4ZaG4lOT6m']"
9581,https://open.spotify.com/track/1XBc4r6ltXjkFJBrsttwIF  ,0,['4cPHsZM98sKzmV26wlwD2W']
9803,https://open.spotify.com/track/72Q0FQQo32KJloivv5xge2  ,1,"['0QHgL1lAIqAw0HtD7YldmP', '1uNFoZAHBGtllmzznpCI3s', '0VRj0yCOv2FXJNP47XQnx5', '1anyVhU62p31KFi8MEzkbf', '55Aa2cqylxrFIXC767Z865']"
9828,https://open.spotify.com/track/3pC1ILr9KzmQLMe8Kn5QBG  ,0,"['0QHgL1lAIqAw0HtD7YldmP', '3TVXtAsR1Inumwj472S9r4']"
9920,https://open.spotify.com/track/7DQXiMeLqiQsy1uqHSk0xc  ,0,"['7blkMNJv8n9ceP9zlA4W2U', '6G9bygHlCyPgNGxK2l3YdE']"
9961,https://open.spotify.com/track/0ZExP2I5Ej92PsnG4G1jVG  ,0,['0ZED1XzwlLHW4ZaG4lOT6m']
9963,https://open.spotify.com/track/1E2ePlJmijVSX0o1G9TFgR  ,0,"['7tYKF4w9nC0nq9CsPZTHyP', '0Y5tJX1MQlPlqiwlOH1tJY']"
10017,https://open.spotify.com/track/1BxkZE73h9BN3qwuA15TA3  ,0,"['5f7VJjfbwm532GiveGC0ZK', '2hlmm7s2ICUX0LVIhVFlZQ']"
10042,https://open.spotify.com/track/2uMTscYuCT3BZ0OCzH3MwN  ,0,['46SHBwWsqBkxI7EeeBEQG7']
10141,https://open.spotify.com/track/3ngc7rGlfeFaskU90EWl4R  ,0,['40LHVA5BTQp9RxHOQ9JPYj']
10389,https://open.spotify.com/track/0o7glLPfZgns8ZF14Wlpf7  ,0,['3BmGtnKgCSGYIUhmivXKWX']
10575,https://open.spotify.com/track/12mGwph2YzDIlChtq3EdXP  ,2,['64KEffDW9EtZ1y2vBYgq8T']
10627,https://open.spotify.com/track/5CE0V7z1ePOZQNJNpWxYGA  ,0,['4xRYI6VqpkE3UwrDrAZL8L']
10760,https://open.spotify.com/track/3iKALqmeWDBWRlQU8z03kA  ,0,['7rkW85dBwwrJtlHRDkJDAC']
10781,https://open.spotify.com/track/6Yx181fZzA0YE2EkUsYruq  ,1,['2jnIB6XdLvnJUeNTy5A0J2']
10785,https://open.spotify.com/track/3HP3VodiF28Bcr3dlProO4  ,0,['7rkW85dBwwrJtlHRDkJDAC']
10789,https://open.spotify.com/track/0uUNN1nSoUx1A4fkDCWDQ7  ,23,['4npEfmQ6YuiwW1GpUmaq3F']
10798,https://open.spotify.com/track/0nA2zH7QBV92QkSuwdCZbi  ,0,"['7rkW85dBwwrJtlHRDkJDAC', '2hlmm7s2ICUX0LVIhVFlZQ']"
10977,https://open.spotify.com/track/2poOAWEj1CStqTVPgIHZ8s  ,0,['1Xyo4u8uXC1ZmMpatF05PJ']
10979,https://open.spotify.com/track/6SkeXwlWEHhjSZPNVSpJae  ,0,"['4oUHIQIBe0LHzYfvXNW4QM', '3b8QkneNDz4JHKKKlLgYZg']"
10981,https://open.spotify.com/track/0TFVOjSvPTjFHkiZZekK5k  ,0,"['7c0XG5cIJTrrAgEC3ULPiq', '13y7CgLHjMVRMDqxdx0Xdo', '0VRj0yCOv2FXJNP47XQnx5']"
10997,https://open.spotify.com/track/6g1NlCpW7fgqDnWbCCDrHl  ,2,['1vCWHaC5f2uS3yhpwWbIA6']
11078,https://open.spotify.com/track/0EwS8XJQspgrj1zSUXhFkl  ,0,"['7gZfnEnfiaHzxARJ2LeXrf', '5K4W6rqBFWDnAN6FQUkS6x']"
11098,https://open.spotify.com/track/46DwQbCUzWr4bT0Uu2lDK8  ,9,['2cFCoDyEaPrw8QVnrDlPKU']
11138,https://open.spotify.com/track/26jYPsHHSOxCTz4cLt6SbQ  ,0,"['7gZfnEnfiaHzxARJ2LeXrf', '2hlmm7s2ICUX0LVIhVFlZQ']"
11139,https://open.spotify.com/track/0LQ1J0BCzA2qnAgp9MkkNE  ,2,"['7gZfnEnfiaHzxARJ2LeXrf', '2R21vXR83lH98kGeO99Y66']"
11185,https://open.spotify.com/track/6LKYeyLt4G4SlZ6OJwFhVS  ,0,"['69GGBxA162lTqCwzJG5jLp', '3RqBeV12Tt7A8xH3zBDDUF']"
11312,https://open.spotify.com/track/7aV2mflaASUmGhCErm7kBO  ,0,"['15NtJjjHRFybdNSMyM9smT', '6V3F8MZrOKdT9fU686ybE9', '6PXS4YHDkKvl1wkIl4V8DL']"
11338,https://open.spotify.com/track/1PouCui4RgDYcrQVAqdYuf  ,0,['2kucQ9jQwuD8jWdtR9Ef38']
11345,https://open.spotify.com/track/2Cth0v1xri32oZ799rL3rl  ,0,"['5LHRHt1k9lMyONurDHEdrp', '5K4W6rqBFWDnAN6FQUkS6x']"
11398,https://open.spotify.com/track/7of1slAJIWrXxP8ikAHxje  ,0,['0lzV2CiahHRiGd6qpADtPS']
11575,https://open.spotify.com/track/0NyOeqzqjVM9j7IuWp2oJ6  ,0,"['2ZRQcIgzPCVaT9XKhXZIzh', '45eNHdiiabvmbp4erw26rg', '6Dd3NScHWwnW6obMFbl1BH']"
11797,https://open.spotify.com/track/3Z2sglqDj1rDRMF5x0Sz2R  ,0,['73sIBHcqh3Z3NyqHKZ7FOL']
11846,https://open.spotify.com/track/01DOm09B2AbiTARAbXVI6g  ,6,"['5IcR3N7QB1j6KBL8eImZ8m', '0Y5tJX1MQlPlqiwlOH1tJY']"
12056,https://open.spotify.com/track/5M98ml69pyn28o5XvAUN0r  ,3,"['1thbOfXak53dM1Xabq3pmb', '02kJSzxNuaWGqwubyUba0Z']"
12196,https://open.spotify.com/track/6YndZBGmLySgsVScckWkmO  ,8,['3WGpXCj9YhhfX11TToZcXP']
12517,https://open.spotify.com/track/2Es3LsoQwFJNfpQYRWxfS9  ,0,"['5pkJj3IFFJBgzNYJsGR57Y', '4SsVbpTthjScTS7U2hmr1X']"
13398,https://open.spotify.com/track/0JnSoyZMTYZLWFVdVT1JFZ  ,20,"['3gIRvgZssIb9aiirIg0nI3', '5JMLG56F1X5mFmWNmS0iAp']"
13472,https://open.spotify.com/track/1yYzuNd0KRyHVJ3NH8apBt  ,0,['4LLpKhyESsyAXpc4laK94U']
13764,https://open.spotify.com/track/5kXDF4OmM5COyeo6z97nEk  ,0,['5BvJzeQpmsdsFp4HGUYUEx']
13907,https://open.spotify.com/track/1Pz3QmQFBFuI60rxCQBeW6  ,0,['69GGBxA162lTqCwzJG5jLp']
14147,https://open.spotify.com/track/0yURuYmnz9tl4K04e5Y6aQ  ,20,['164hs3x1Tsp3FgJWNHee1r']
14369,https://open.spotify.com/track/0or0gNaKAXYYCsOrpvRzAu  ,0,['163tK9Wjr9P9DmM0AVK7lm']
14370,https://open.spotify.com/track/1KT0xdIjm7t053xByACrrg  ,0,"['66CXWjxzNUsdJxJ2JdwvnR', '5y2Xq6xcjJb2jVM54GHK3t']"
14376,https://open.spotify.com/track/4kNvYhyl8R6m1vykVkcuBu  ,0,"['3TVXtAsR1Inumwj472S9r4', '17lzZA2AlOHwCwFALHttmp', '0c173mlxpT3dSFRgMO8XPh']"
14859,https://open.spotify.com/track/0UioblV1x795s55Ur58c6c  ,0,['7x8MuRMbm9XIldHSJOtoNo']
14956,https://open.spotify.com/track/5gIRPQWULwrvIt0F6pY7ph  ,0,"['23fqKkggKUBHNkbKtXEls4', '5Pwc4xIPtQLFEnJriah9YJ']"
15162,https://open.spotify.com/track/2XdgSB4TtzUHQYCMfSHbFI  ,0,"['7bXgB6jMjp9ATFy66eO08Z', '1RyvyyTE3xzB2ZywiAwp0i', '50co4Is1HCEo8bhOyUWKpn']"
16101,https://open.spotify.com/track/51wrmElSLxFzc0vSQPeTxs  ,0,['7n2wHs1TKAczGzO7Dd2rGr']
16140,https://open.spotify.com/track/5I8oEqbk2ZBmQfXCrZbUFb  ,0,['7n2wHs1TKAczGzO7Dd2rGr']
16176,https://open.spotify.com/track/1KXFoiT2n4QXRsFvhWNI4I  ,0,['7n2wHs1TKAczGzO7Dd2rGr']
16179,https://open.spotify.com/track/1mmAqhLcvPrknbslMiDlyU  ,0,['7n2wHs1TKAczGzO7Dd2rGr']
16183,https://open.spotify.com/track/7hlhojpax9zg2FNdBLY5ox  ,0,['7n2wHs1TKAczGzO7Dd2rGr']
16189,https://open.spotify.com/track/0rrfXLr1p1yxsUy7LrKoYT  ,0,['7n2wHs1TKAczGzO7Dd2rGr']
17083,https://open.spotify.com/track/6bMIExEulvwM2X6zsuiYwr  ,0,"['2jku7tDXc6XoB6MO2hFuqg', '2hlmm7s2ICUX0LVIhVFlZQ']"
17148,https://open.spotify.com/track/2cRgo1TiPm7SnPvYzvbOLf  ,0,"['2jku7tDXc6XoB6MO2hFuqg', '1pPmIToKXyGdsCF6LmqLmI']"
17788,https://open.spotify.com/track/5tFgCPC2Hdw4qu9b7RkWhR  ,0,['3oSJ7TBVCWMDMiYjXNiCKE']
17797,https://open.spotify.com/track/2cYnZNzFRFK0H7vSNxPsUq  ,3,"['2R21vXR83lH98kGeO99Y66', '5lwmRuXgjX8xIwlnauTZIP']"
18133,https://open.spotify.com/track/12rbR0qoFJQ7rRGzgXrzHy  ,0,"['28ExwzUQsvgJooOI0X1mr3', '2YZyLoL8N0Wb9xBt1NhZWg']"
18190,https://open.spotify.com/track/6o6XM9jgPHopOG6SMTyHoE  ,0,['28ExwzUQsvgJooOI0X1mr3']
18197,https://open.spotify.com/track/0kCygKyDa4KT1Whx3wHIhh  ,0,"['28ExwzUQsvgJooOI0X1mr3', '3KV3p5EY4AvKxOlhGHORLg']"
18543,https://open.spotify.com/track/2aFiaMXmWsM3Vj72F9ksBl  ,0,['6T5tfhQCknKG4UnH90qGnz']
18572,https://open.spotify.com/track/0L7loeTIg6akW84aEQZpCT  ,0,"['738wLrAtLtCtFOLvQBXOXp', '4VZY0nxYMSNotbS7WjNVQy', '374sWpAJsbZckf98df2jJJ']"
18576,https://open.spotify.com/track/4OZEu0Vwq0RB2LAq14v99n  ,0,"['540vIaP2JwjQb9dm3aArA4', '0CjWKoS55T7DOt0HJuwF1H']"
18769,https://open.spotify.com/track/3i01Zk9c0FQ5HA1WJjflXI  ,0,['0huGjMyP507tBCARyzSkrv']
18872,https://open.spotify.com/track/27P4XoNXXEV4lTc3sB61RK  ,0,"['0iEtIxbK0KxaSlF7G42ZOp', '0Y5tJX1MQlPlqiwlOH1tJY', '50co4Is1HCEo8bhOyUWKpn']"
18873,https://open.spotify.com/track/3tkFCUaISwablf9MJydsuB  ,0,"['0iEtIxbK0KxaSlF7G42ZOp', '2hlmm7s2ICUX0LVIhVFlZQ', '50co4Is1HCEo8bhOyUWKpn']"
18885,https://open.spotify.com/track/6qZANDqrSAvfuSjcxBP1PD  ,0,"['0iEtIxbK0KxaSlF7G42ZOp', '13y7CgLHjMVRMDqxdx0Xdo']"
18888,https://open.spotify.com/track/0McI9sOmkpfd4E72njtU0G  ,0,"['0iEtIxbK0KxaSlF7G42ZOp', '1zNqQNIdeOUZHb8zbZRFMX', '3tVQdUvClmAT7URs9V3rsp']"
18896,https://open.spotify.com/track/0KPiSFlz5OUCgw7nwvhYWe  ,0,"['0iEtIxbK0KxaSlF7G42ZOp', '1vyhD5VmyZ7KMfW5gqLgo5', '3tVQdUvClmAT7URs9V3rsp', '4DdkRBBYG6Yk9Ka8tdJ9BW']"
18898,https://open.spotify.com/track/2kJAhu7mesSEkML8zviSNX  ,0,"['0iEtIxbK0KxaSlF7G42ZOp', '0Y5tJX1MQlPlqiwlOH1tJY']"
18903,https://open.spotify.com/track/304CtPEPYQS6hbM4CubVti  ,0,"['0iEtIxbK0KxaSlF7G42ZOp', '4DdkRBBYG6Yk9Ka8tdJ9BW', '3TVXtAsR1Inumwj472S9r4']"
19154,https://open.spotify.com/track/1N7YeVU0ZwAFbOhwM61ef6  ,0,['0p4nmQO2msCgU4IF37Wi3j']
19543,https://open.spotify.com/track/3g8sG483Es7NcJyXgkF1nT  ,0,"['13y7CgLHjMVRMDqxdx0Xdo', '181bsRPaVXVlUKXrxwZfHK']"
19557,https://open.spotify.com/track/2xE16muNCmhZwSOv3i1d1H  ,2,['31W5EY0aAly4Qieq6OFu6I']
19740,https://open.spotify.com/track/7glCSQqV5o6NU88Cn4zPZn  ,1,['4q3ewBCX7sLwd24euuV69X']
20127,https://open.spotify.com/track/6wQlT5VQU5eM4NYBIJ6wO5  ,0,"['0701LAQrkY5Il5vt06uNnC', '3TVXtAsR1Inumwj472S9r4', '0NWbwDZY1VkRqFafuQm6wk']"
20216,https://open.spotify.com/track/2yUbCEiaolfSMluDo9RMmG  ,0,"['7iZtZyCzp3LItcw1wtPI3D', '1zNqQNIdeOUZHb8zbZRFMX', '7EEiVZvj6RCEtVX2F2pyxu', '5gCRApTajqwbnHHPbr2Fpi']"
20287,https://open.spotify.com/track/3pIigjAWkzwAonXpJ1fmSF  ,0,['69GGBxA162lTqCwzJG5jLp']
20316,https://open.spotify.com/track/2xCzUIQwX5Y3wEFJnHoc3J  ,0,"['21dooacK2WGBB5amYvKyfM', '3CbYyyd8wH3RT6t0jwpdzC']"
20343,https://open.spotify.com/track/6tvQzeCPwOytDlBYCIOY0n  ,0,"['4Q6nIcaBED8qUel8bBx6Cr', '7hssUdpvtY5oiARaUDgFZ3']"
20381,https://open.spotify.com/track/6jA8JUuPCGYjFcgw0AoM5T  ,4,"['0vR2qb8m9WHeZ5ByCbimq2', '1i8SpTcr7yvPOmcqrbnVXY', '3E6xrwgnVfYCrCs0ePERDz']"
20382,https://open.spotify.com/track/11GGSyTB8cS9TgONHBOhEX  ,0,['2kRfqPViCqYdSGhYSM9R0Q']
20461,https://open.spotify.com/track/6mCqxnyOhr4tHMbRbQL4Yn  ,0,"['540vIaP2JwjQb9dm3aArA4', '2RDOrhPqAM4jzTRCEb19qX', '4DdkRBBYG6Yk9Ka8tdJ9BW', '1URnnhqYAYcrqrcwql10ft', '13y7CgLHjMVRMDqxdx0Xdo']"
20479,https://open.spotify.com/track/4SHhui9S7lFYGHXikfneGo  ,0,['5JZ7CnR6gTvEMKX4g70Amv']
20851,https://open.spotify.com/track/5LYQSNHZxEA880URXFHg6h  ,0,"['00FQb4jTyendYWaN8pK0wa', '1Xyo4u8uXC1ZmMpatF05PJ']"
21034,https://open.spotify.com/track/1Y500yrabUJY2mIQS3RDt4  ,0,"['7gZfnEnfiaHzxARJ2LeXrf', '2jku7tDXc6XoB6MO2hFuqg', '50co4Is1HCEo8bhOyUWKpn']"
21052,https://open.spotify.com/track/2Pvr8rYuh5J8V7QglJhH6W  ,0,['5Rl15oVamLq7FbSb0NNBNy']
21143,https://open.spotify.com/track/7EUfNvyCVxQV3oN5ScA2Lb  ,0,['53XhwfbYqKCa1cC15pYq2q']
21554,https://open.spotify.com/track/76S09sHj7GGMJAtOLjmVQ2  ,0,"['6VuMaDnrHyPL1p4EHjYLi7', '0cGUm45nv7Z6M6qdXYQGTX']"
21599,https://open.spotify.com/track/1UVuZnfWsGvS9TzZTVIkdv  ,0,['28y6CyJNkGNjJQKrlx4AmN']
21993,https://open.spotify.com/track/13TMuxC8tdSfthXpHG9D26  ,0,['2cFrymmkijnjDg9SS92EPM']
22286,https://open.spotify.com/track/1VsqQEYObJsOPaeZwEXRPg  ,0,"['13y7CgLHjMVRMDqxdx0Xdo', '1uNFoZAHBGtllmzznpCI3s']"
22366,https://open.spotify.com/track/6pK5edDoyrn4mWwRSVc2a5  ,1,['1i8SpTcr7yvPOmcqrbnVXY']
22374,https://open.spotify.com/track/1D07CwYBPqu8NbQTdu9C1g  ,0,['3oSJ7TBVCWMDMiYjXNiCKE']
23184,https://open.spotify.com/track/2oPCR02nduYVpj7CTfsA0d  ,8,['1E2AEtxaFaJtH0lO7kgNKw']
23197,https://open.spotify.com/track/6wvlEKW2qxucJSBXYpMV2P  ,0,['3mIj9lX2MWuHmhNCA7LSCW']
23207,https://open.spotify.com/track/56d6kYZhfhzpoC3s1dRU2V  ,0,"['1Xyo4u8uXC1ZmMpatF05PJ', '3hteYQFiMFbJY7wS0xDymP']"
23208,https://open.spotify.com/track/13wNEvWmBsWaWVtiLPRIW5  ,0,"['1Xyo4u8uXC1ZmMpatF05PJ', '3hteYQFiMFbJY7wS0xDymP']"
23210,https://open.spotify.com/track/26Fqtv4Aa7kyd1WWGHai6A  ,0,['1Xyo4u8uXC1ZmMpatF05PJ']
23273,https://open.spotify.com/track/0qFX9pVJQB4lBMxRoFXqGr  ,0,"['1pPmIToKXyGdsCF6LmqLmI', '55Aa2cqylxrFIXC767Z865']"
23293,https://open.spotify.com/track/4j30n3zuJQJ5qGA6rSTaST  ,0,"['1pPmIToKXyGdsCF6LmqLmI', '6LuN9FCkKOj5PcnpouEgny']"
23318,https://open.spotify.com/track/0ITqOOwNtw5DP2GLYAlTQx  ,0,"['1pPmIToKXyGdsCF6LmqLmI', '1RyvyyTE3xzB2ZywiAwp0i']"
23325,https://open.spotify.com/track/3uQVotHaLudJ5C0OJ0iEZ9  ,0,"['1pPmIToKXyGdsCF6LmqLmI', '6Xgp2XMz1fhVYe7i6yNAax']"
23369,https://open.spotify.com/track/1xy4apMFecGGkgBeaHFZ2M  ,1,['5JZ7CnR6gTvEMKX4g70Amv']
23799,https://open.spotify.com/track/7uuBfgY1vBCalrQRyyQhqs  ,0,"['2IDLDx25HU1nQMKde4n61a', '6f9bmfkqiYbhCtdAZsv7KI', '15UsOTVnJzReFVN1VCnxy4']"
24556,https://open.spotify.com/track/0F1Rc18rZcJOALxIIQPTYd  ,0,['5JSXWmQO8csVUy6hSRu8TA']
24737,https://open.spotify.com/track/7mz8bgoIWwAjUBXeWUHphh  ,0,"['5Berubt6ysOy2LCMyqhmXP', '21WS9wngs9AqFckK7yYJPM']"
24894,https://open.spotify.com/track/22fRl49GSpRdu3J2EPj1i6  ,0,['2kCcBybjl3SAtIcwdWpUe3']
24917,https://open.spotify.com/track/0bcEHhsuLRDm712CQHomdm  ,0,['2kCcBybjl3SAtIcwdWpUe3']
25082,https://open.spotify.com/track/5CMUThHlepHR8c1xD0QYzs  ,0,"['6Xgp2XMz1fhVYe7i6yNAax', '699OTQXzgjhIYAHMy9RyPD']"
25594,https://open.spotify.com/track/1Yu378yDTmy6EIDYNIEALh  ,0,"['13y7CgLHjMVRMDqxdx0Xdo', '4r63FhuTkUYltbVAg5TQnk', '7wlFDEWiM5OoIAt8RSli8b']"
25823,https://open.spotify.com/track/2AfWCBwGGCsZtvVnGF3QYE  ,20,['6l3HvQ5sa6mXTsMTB19rO5']
25875,https://open.spotify.com/track/3zKST4nk4QJE77oLjUZ0Ng  ,1,['1vCWHaC5f2uS3yhpwWbIA6']
25878,https://open.spotify.com/track/6nsLzJfvp5OLd4mgqUJkpq  ,1,['1vCWHaC5f2uS3yhpwWbIA6']
25901,https://open.spotify.com/track/6sTDhYVVXU3HSDuG7mBLRU  ,0,"['7iZtZyCzp3LItcw1wtPI3D', '1zNqQNIdeOUZHb8zbZRFMX', '7EEiVZvj6RCEtVX2F2pyxu']"
25968,https://open.spotify.com/track/36fmvm49vZC9VM5X2DQJVe  ,0,"['5QdEbQJ3ylBnc3gsIASAT5', '4O15NlyKLIASxsJ0PrXPfz', '23DYJsw4uSCguIqiTIDtcN']"
26167,https://open.spotify.com/track/7L9g4cPfohScjJ8mGwLQWr  ,2,['2P5sC9cVZDToPxyomzF1UH']
26566,https://open.spotify.com/track/6lzLjIOyWTyTJvk0jraYee  ,0,"['3Y7RZ31TRPVadSFVy1o8os', '2EMAnMvWE2eb56ToJVfCWs']"
26873,https://open.spotify.com/track/1xIgz2QjA85ZpXiIoj6mMo  ,1,['718COspgdWOnwOFpJHRZHS']
26905,https://open.spotify.com/track/63VyEdzMM3w4ZQ1WtARa2S  ,6,"['69GGBxA162lTqCwzJG5jLp', '45eNHdiiabvmbp4erw26rg', '1cZQSpDsxgKIX2yW5OR9Ot']"
26920,https://open.spotify.com/track/4T6QFouj6rIQObxgwt9ELL  ,0,['718COspgdWOnwOFpJHRZHS']
26926,https://open.spotify.com/track/2a3dopgTF1q4rMVDJ1rwBU  ,0,['69GGBxA162lTqCwzJG5jLp']
26944,https://open.spotify.com/track/6pgN3d6oBrhmrSAKBfWNsf  ,1,"['718COspgdWOnwOFpJHRZHS', '0XKOBt59crntr7HQXXO8Yz']"
26948,https://open.spotify.com/track/0bNVNlZSHj3xSuMJWfzxuT  ,0,['718COspgdWOnwOFpJHRZHS']
26949,https://open.spotify.com/track/0KtxdSPi1ZbDc3wwD2IGF0  ,0,['718COspgdWOnwOFpJHRZHS']
26951,https://open.spotify.com/track/5ppDdMho96v8gdDm7HKEbK  ,1,['718COspgdWOnwOFpJHRZHS']
26967,https://open.spotify.com/track/7j3aRaky6Xr1fpuqmB3s4w  ,0,['718COspgdWOnwOFpJHRZHS']
26970,https://open.spotify.com/track/5NwCPmFHJAoKe0PSw2ltJD  ,0,['718COspgdWOnwOFpJHRZHS']
26980,https://open.spotify.com/track/3APKvzQ6xiu7Fcu9Y1EKni  ,0,['718COspgdWOnwOFpJHRZHS']
27144,https://open.spotify.com/track/5D0YYVfsYxLmcrVAfoBPxR  ,0,"['7iZtZyCzp3LItcw1wtPI3D', '1zNqQNIdeOUZHb8zbZRFMX', '7EEiVZvj6RCEtVX2F2pyxu', '2RdwBSPQiwcmiDo9kixcl8']"
27336,https://open.spotify.com/track/2Bv0MbaqYx2IrQa7Z6xBT0  ,0,['7iZtZyCzp3LItcw1wtPI3D']
27675,https://open.spotify.com/track/20H2Hd5AkUcRjB4yL3UQtJ  ,0,"['1l8Fu6IkuTP0U5QetQJ5Xt', '13y7CgLHjMVRMDqxdx0Xdo']"
27739,https://open.spotify.com/track/0m2orA1i5lLZUOt9XLwSd0  ,0,['1l8Fu6IkuTP0U5QetQJ5Xt']
27773,https://open.spotify.com/track/65MOTX6uSFAnqXl7dlAuId  ,0,['6S2OmqARrzebs0tKUEyXyp']
27792,https://open.spotify.com/track/4U9arGcc4ATa7shChhLQP0  ,0,['0RqtSIYZmd4fiBKVFqyIqD']
27959,https://open.spotify.com/track/1Bxzw8ag71snOU9IbhXVD6  ,0,"['23fqKkggKUBHNkbKtXEls4', '79QO0Xmn1dZhvaLicS2Yrs']"
28143,https://open.spotify.com/track/72OGJT4cL9BQjHTa8h28tz  ,0,['4UXqAaa6dQYAk18Lv7PEgX']
28528,https://open.spotify.com/track/619pVMIK3WvX529JIkQTY3  ,0,['3mIj9lX2MWuHmhNCA7LSCW']
28671,https://open.spotify.com/track/0dyiHoYbYjYaOEXLpmzQZG  ,0,['163tK9Wjr9P9DmM0AVK7lm']
28674,https://open.spotify.com/track/2mNbgyi0gori4b1rFSPgIb  ,0,['163tK9Wjr9P9DmM0AVK7lm']
28865,https://open.spotify.com/track/0N8MGHEDAq29ip7RrlrTeN  ,0,['69GGBxA162lTqCwzJG5jLp']
29352,https://open.spotify.com/track/5cHPAqi6V5JPMy0vqS4lK6  ,0,"['1pPmIToKXyGdsCF6LmqLmI', '5f7VJjfbwm532GiveGC0ZK']"
29499,https://open.spotify.com/track/6jmngk8Fwup05JZ6kgXEGX  ,0,['53XhwfbYqKCa1cC15pYq2q']
29510,https://open.spotify.com/track/15dnkAHcHC0vrIUlbiPiqU  ,0,['53XhwfbYqKCa1cC15pYq2q']
29531,https://open.spotify.com/track/4J2RaG4UH2HCThcqzDpeAF  ,0,['53XhwfbYqKCa1cC15pYq2q']
29550,https://open.spotify.com/track/54h8xHewdRPnYzmbEHBhOO  ,0,['53XhwfbYqKCa1cC15pYq2q']
29559,https://open.spotify.com/track/7vAXN57IQ0sj049wZGIboE  ,0,['53XhwfbYqKCa1cC15pYq2q']
29777,https://open.spotify.com/track/3OXhib7pxAWnmwwoUI6HqY  ,0,"['6U3ybJ9UHNKEdsH7ktGBZ7', '6l3HvQ5sa6mXTsMTB19rO5']"
30372,https://open.spotify.com/track/31mqc7EKPsJf3pe6H5jEfC  ,0,"['2P5sC9cVZDToPxyomzF1UH', '5IcR3N7QB1j6KBL8eImZ8m']"
30598,https://open.spotify.com/track/5uMVjsPAVOc8v3iTgVkkrz  ,0,['4UXqAaa6dQYAk18Lv7PEgX']
30907,https://open.spotify.com/track/2ZGvw7BpnUHG89yt8fNxH7  ,0,['4Ga1P7PMIsmqEZqhYZQgDo']
30918,https://open.spotify.com/track/6qWSHYcZEvE0MIcH2WmB23  ,0,['4Ga1P7PMIsmqEZqhYZQgDo']
30942,https://open.spotify.com/track/1FUVCa49nKsPRuznGVrIFY  ,0,['4Ga1P7PMIsmqEZqhYZQgDo']
30960,https://open.spotify.com/track/0HJvoOkpflwYJb21VkTmGD  ,0,['4Ga1P7PMIsmqEZqhYZQgDo']
31339,https://open.spotify.com/track/07VJGBnywGutMZ72kRyEop  ,0,"['1zNqQNIdeOUZHb8zbZRFMX', '7iZtZyCzp3LItcw1wtPI3D']"
31577,https://open.spotify.com/track/09KlDlkOYuC5x6hOaM7vaP  ,0,['1l8Fu6IkuTP0U5QetQJ5Xt']
32164,https://open.spotify.com/track/1QXg7pVx5hpAZWw8KIAcGw  ,0,['1eEfMU2AhEo7XnKgL7c304']
32177,https://open.spotify.com/track/0i7lZhEMEheehKyCtBJIIL  ,0,['1eEfMU2AhEo7XnKgL7c304']
32181,https://open.spotify.com/track/56dllQaFZBw3SPTiKZvqYH  ,20,['7rpf45DdbpweG51Acze45i']
32188,https://open.spotify.com/track/2XDhuJvvx2wcIROXbfTTYr  ,0,['7dGJo4pcD2V6oG8kP0tJRR']
33260,https://open.spotify.com/track/5JSVa5i6lFPoyOzK4gj0Ox  ,1,['5Rl15oVamLq7FbSb0NNBNy']
34311,https://open.spotify.com/track/68r3esIMdWpIeZqWZQDnfY  ,0,['7gOdHgIoIKoe4i9Tta6qdD']
34344,https://open.spotify.com/track/5qu3j7Ou6LyQFSU9N7Sb5x  ,0,['1pPmIToKXyGdsCF6LmqLmI']
34398,https://open.spotify.com/track/3OB5BAGCGtnEYHRh7B6UH9  ,0,['7gOdHgIoIKoe4i9Tta6qdD']
34786,https://open.spotify.com/track/2093eVNfimjmNjU1gk1ES7  ,29,['05fG473iIaoy82BF1aGhL8']
35619,https://open.spotify.com/track/364spZLB5bhNlnPrzvUB41  ,3,"['31W5EY0aAly4Qieq6OFu6I', '4O15NlyKLIASxsJ0PrXPfz']"
36787,https://open.spotify.com/track/3EludUFeAoJAwSixWGG5Wg  ,2,['24CgJHK6T7C5OmUbiLLMjJ']
36820,https://open.spotify.com/track/35RDmXJ59YYGNlv1KfTGsP  ,0,"['7tYKF4w9nC0nq9CsPZTHyP', '1Xyo4u8uXC1ZmMpatF05PJ', '0Y5tJX1MQlPlqiwlOH1tJY', '22JdJVovP3pV9XkGTih01c']"
37497,https://open.spotify.com/track/4L7Y2OAPiY2I2GndZjAs5K  ,0,"['00FQb4jTyendYWaN8pK0wa', '1Xyo4u8uXC1ZmMpatF05PJ']"
37518,https://open.spotify.com/track/6eGMMPRVYzpssGgednRvzU  ,0,['00FQb4jTyendYWaN8pK0wa']
37526,https://open.spotify.com/track/4mq14Qa6OehdiyZFtHcdCH  ,0,['00FQb4jTyendYWaN8pK0wa']
37529,https://open.spotify.com/track/4xyNG8vZR3g8FnphVkbjRo  ,0,['00FQb4jTyendYWaN8pK0wa']
37557,https://open.spotify.com/track/2Pn76oik9rWyoBShTSNY9Q  ,0,['00FQb4jTyendYWaN8pK0wa']
37580,https://open.spotify.com/track/3qmvK8QARSPkFTuKeIXSbs  ,23,['6XyY86QOPPrYVGvF9ch6wz']
38776,https://open.spotify.com/track/1b0YOwtdW5ibaAhHEsbdjB  ,0,['718COspgdWOnwOFpJHRZHS']
38782,https://open.spotify.com/track/36HbtBrGbRWfeeSq50orF6  ,0,['718COspgdWOnwOFpJHRZHS']
38916,https://open.spotify.com/track/07s9NNOT0sZQp7TyolLLgu  ,1,"['2SrSdSvpminqmStGELCSNd', '3wcj11K77LjEY1PkEazffa', '6eUKZXaKkcviH0Ku9w2n3V']"
40312,https://open.spotify.com/track/2YwC2IM0ykBxtMBH9aMe5m  ,21,"['1pPmIToKXyGdsCF6LmqLmI', '7wlFDEWiM5OoIAt8RSli8b']"
40349,https://open.spotify.com/track/0NPpHHVwyiq5PgWFK4YyI9  ,0,['0ndx5h8ixiRvi2YmWlfbxH']
40382,https://open.spotify.com/track/0ycFQvBTfuo1LCdG0HhszL  ,1,['5JZ7CnR6gTvEMKX4g70Amv']
40442,https://open.spotify.com/track/00gpGR84M27moP7AFuqHIx  ,0,"['7ao5uJZUsPeVpWlNkkjWyx', '3gGUMEwIX6XodWsYEvKSal']"
40738,https://open.spotify.com/track/2Mm239hUicUXlB44D2AACJ  ,0,"['7wlFDEWiM5OoIAt8RSli8b', '1gPhS1zisyXr5dHTYZyiMe']"
40852,https://open.spotify.com/track/5PIBgH1cUFwu5IiUk9tnN9  ,0,"['7dGJo4pcD2V6oG8kP0tJRR', '6vWDO969PvNqNYHIOW5v0m']"
40867,https://open.spotify.com/track/2rozzUGTRWqhTa2NzJAl8I  ,0,"['7dGJo4pcD2V6oG8kP0tJRR', '3DiDSECUqqY1AuBP8qtaIa']"
40877,https://open.spotify.com/track/0OMt4Qyetdbw2eUEvKBdHH  ,0,['7dGJo4pcD2V6oG8kP0tJRR']
40880,https://open.spotify.com/track/2MdMjF20umbTe4y2FgdnG8  ,0,"['7dGJo4pcD2V6oG8kP0tJRR', '0FTrIsp2Mg7Bkf8eXQrISa']"
40882,https://open.spotify.com/track/5p9ufaI7TwrlXtmiKCz3q3  ,0,"['7dGJo4pcD2V6oG8kP0tJRR', '3NPpFNZtSTHheNBaWC82rB']"
40885,https://open.spotify.com/track/4g2j0YZdGB8x5vQjXmJsKN  ,0,['7dGJo4pcD2V6oG8kP0tJRR']
40890,https://open.spotify.com/track/107CfwBqfICzcKur8k7UCA  ,0,"['7dGJo4pcD2V6oG8kP0tJRR', '4utLUGcTvOJFr6aqIJtYWV']"
40906,https://open.spotify.com/track/6Ww0J5EFjiPxkgZpEkRQVN  ,0,"['7dGJo4pcD2V6oG8kP0tJRR', '0cGUm45nv7Z6M6qdXYQGTX']"
40922,https://open.spotify.com/track/3IkACj2ZEsmDLzhQNBW2XH  ,0,['7dGJo4pcD2V6oG8kP0tJRR']
40929,https://open.spotify.com/track/05CgKydlFJALNy4JTHeMgs  ,0,['7dGJo4pcD2V6oG8kP0tJRR']
40938,https://open.spotify.com/track/6P2ffRHZZ8CdH3GfWq71Ci  ,0,['7dGJo4pcD2V6oG8kP0tJRR']
40951,https://open.spotify.com/track/72i5s3SBDEkaRUOgUTlkfO  ,0,['7dGJo4pcD2V6oG8kP0tJRR']
40954,https://open.spotify.com/track/0chdEzeIcgfNYbWJBpgvzR  ,0,['7dGJo4pcD2V6oG8kP0tJRR']
40955,https://open.spotify.com/track/3PAwprj5tcrX8vV9BbBL9X  ,26,['7dGJo4pcD2V6oG8kP0tJRR']
40957,https://open.spotify.com/track/7oDTApxHeWzTQOR7GPPxw4  ,0,['7dGJo4pcD2V6oG8kP0tJRR']
40962,https://open.spotify.com/track/4hGZxsGcFnuCJXn25EWj5j  ,0,"['7dGJo4pcD2V6oG8kP0tJRR', '5psTfOBPmc8UquYcnS22KE']"
41138,https://open.spotify.com/track/0B48113ZG9UfkWWt7qD9xX  ,0,['5YGY8feqx7naU7z4HrwZM6']
41177,https://open.spotify.com/track/4GFYhFM3OfFjyt1U0DaCVT  ,0,['0c2FPgHaY20scmp44dhPXg']
41498,https://open.spotify.com/track/353IDEfNzPJmGNRnOi5kJ1  ,9,['5Rl15oVamLq7FbSb0NNBNy']
41523,https://open.spotify.com/track/4POHzEwNTCYaIvqCUp3NnO  ,12,['5Rl15oVamLq7FbSb0NNBNy']
41583,https://open.spotify.com/track/2txofPPP3lkiNLTUUHeJHS  ,14,['5Rl15oVamLq7FbSb0NNBNy']
41788,https://open.spotify.com/track/5T9S5x5hEOvgGKWysm683a  ,1,['3gIRvgZssIb9aiirIg0nI3']
42370,https://open.spotify.com/track/5Db9VIdDsN5yu3Eu7CT0i4  ,0,['2wY79sveU1sp5g7SokKOiI']
43393,https://open.spotify.com/track/39Bq9cOTO0H8M6P9iKLVdq  ,0,"['2jku7tDXc6XoB6MO2hFuqg', '20sxb77xiYeusSH8cVdatc']"
